id,firstName,lastName,age,salary,job
1,Rutter,Pitchers,48,5373,Assistant Professor
2,Orella,Gleadle,57,3773,Software Test Engineer IV
3,Heinrick,Gyrgorcewicx,63,7760,Senior Cost Accountant
4,Brenden,Klain,57,6446,Graphic Designer
5,Brody,Tynewell,18,7825,Assistant Media Planner
6,Lenka,Pollins,49,5880,Senior Quality Engineer
7,Sarajane,McTavish,40,3861,Internal Auditor
8,Camey,Thormwell,25,3246,Editor
9,Anthiathia,Pruckner,29,6049,Marketing Manager
10,Cristabel,Northgraves,69,971,Geological Engineer
11,Clint,Menere,65,5668,Marketing Assistant
12,Claudell,Bellam,52,8709,Junior Executive
13,Clemente,Gotfrey,17,5185,Junior Executive
14,Mitchael,Sobieski,25,6328,Executive Secretary
15,Laryssa,Trodd,31,7135,VP Marketing
16,Franciskus,Gieraths,30,2587,Director of Sales
17,Dalia,Schooling,63,3929,Engineer II
18,Katusha,Sivewright,54,3497,Executive Secretary
19,Celeste,Simo,67,9702,Internal Auditor
20,Mignon,Lainton,34,2337,Sales Representative
21,Aime,Pettko,62,9535,Editor
22,Filippo,Saddleton,47,797,Legal Assistant
23,Anna-diana,Bulled,59,303,Automation Specialist IV
24,Shelton,Chang,70,5418,Database Administrator II
25,Sherm,Ashworth,34,5299,Senior Sales Associate
26,Coriss,Ronan,40,9681,Marketing Assistant
27,Leontine,Josum,16,3079,Sales Representative
28,Bartholemy,Orford,47,7299,VP Quality Control
29,Aubrette,McGuinley,57,9692,Associate Professor
30,Linell,Gyppes,45,683,Nurse
31,Laney,Rosenvasser,45,204,Programmer Analyst III
32,Tabatha,McGiff,29,1086,Data Coordiator
33,Giordano,Nitti,15,7119,Nurse
34,Eilis,Erlam,42,1218,Executive Secretary
35,Ingaberg,Loft,48,1290,Sales Representative
36,Nadia,Flann,25,5636,Analyst Programmer
37,Tamara,Kennewell,59,9862,Data Coordiator
38,Ali,Axleby,20,9076,Research Associate
39,Genni,Cressingham,56,342,Staff Scientist
40,Gwenny,Wildgoose,62,853,Analyst Programmer
41,Chloette,Wrefford,35,1510,Staff Accountant II
42,Tymothy,Vidgeon,47,445,Software Engineer III
43,Jard,Conville,70,4727,Health Coach IV
44,Natale,Reece,67,7917,Food Chemist
45,Amber,Chipman,69,7875,Food Chemist
46,Morris,Farahar,66,3064,Senior Quality Engineer
47,Agretha,Snoad,57,7981,Data Coordiator
48,Alphard,Obal,29,2300,VP Quality Control
49,Leigh,Karolczyk,67,788,Software Test Engineer IV
50,Katharine,Lomasna,66,6505,Web Developer II
51,Findley,Blankman,64,1475,Tax Accountant
52,Tiffani,Crowcum,47,3122,Tax Accountant
53,Issi,Crumbie,19,1328,Technical Writer
54,Griffy,Baillie,37,8281,Executive Secretary
55,Barbie,Oggers,62,6927,Financial Analyst
56,Barbra,Cristoforetti,34,8014,Product Engineer
57,Elliott,Synnot,57,9035,Project Manager
58,Harlin,Eggers,13,6612,VP Sales
59,Pandora,Gulk,19,6886,Financial Analyst
60,Kennedy,Tripony,15,7707,Social Worker
61,Reider,Weald,50,6106,Account Representative IV
62,Thayne,MacGillivrie,36,8624,Data Coordiator
63,Neil,Gaudon,32,3882,Recruiter
64,Frannie,O'Deegan,64,2088,Senior Quality Engineer
65,Boothe,Portt,17,979,VP Accounting
66,Nicola,Clink,34,2333,Payment Adjustment Coordinator
67,Augie,Throughton,58,2383,Dental Hygienist
68,Enid,Wenden,59,4796,VP Sales
69,Padraic,Roocroft,26,4815,Database Administrator IV
70,Hermina,Pipworth,17,9933,Administrative Officer
71,Nero,Ferenczi,43,7171,Senior Quality Engineer
72,Camey,Gleder,49,1840,Database Administrator III
73,Verney,Batalini,47,6872,Payment Adjustment Coordinator
74,Stafani,Hurl,70,9743,Office Assistant III
75,Abbye,Vannacci,24,9024,Librarian
76,Avigdor,Le Gallo,24,7005,Programmer I
77,Theressa,Lernihan,64,7136,Dental Hygienist
78,Cyrillus,Clitsome,51,2051,Accounting Assistant I
79,Harp,Westoff,16,7803,Legal Assistant
80,Joseph,Cawkill,22,6251,Marketing Assistant
81,Catlaina,Briamo,42,8381,Software Engineer IV
82,Hetty,Kopfer,65,2883,Occupational Therapist
83,Suzann,Whitworth,13,3862,Account Executive
84,Valerie,Wrintmore,30,5783,VP Marketing
85,Philippe,Bourhill,58,8984,Design Engineer
86,Lorenzo,Heakins,65,9110,Civil Engineer
87,Beverlie,Bellwood,42,5217,Nurse
88,Grady,Chess,63,3355,Senior Cost Accountant
89,Gizela,Willman,61,8934,Assistant Manager
90,Sari,McGorley,42,9833,Technical Writer
91,Sissie,Penniell,28,9619,Senior Developer
92,Joeann,Fidelus,44,6995,Web Designer III
93,Rodi,Ollivier,29,3651,Office Assistant II
94,Mozes,Reston,18,5269,Software Consultant
95,Frederick,Held,61,8973,Senior Financial Analyst
96,Barnabas,Jenoure,19,185,Administrative Officer
97,Elliott,Vittery,18,1593,Quality Control Specialist
98,Ula,Stallebrass,33,175,Systems Administrator I
99,Margo,Thewlis,27,7750,Nuclear Power Engineer
100,Diandra,O' Donohue,66,7132,Operator
101,Ivy,Currin,69,1629,Executive Secretary
102,Antonina,Minillo,57,2567,Senior Financial Analyst
103,Keith,Kitchingman,54,8514,Nuclear Power Engineer
104,Kare,Stiell,68,7658,Quality Control Specialist
105,Cherise,Leng,46,3140,GIS Technical Architect
106,Holden,Missen,15,3284,Marketing Assistant
107,Garvin,Andrewartha,58,1360,Social Worker
108,Minerva,Crofthwaite,45,1592,Actuary
109,Tirrell,Stanbury,60,5724,Compensation Analyst
110,Jaclyn,Garrelts,44,4304,Executive Secretary
111,Berne,Faunt,37,2863,General Manager
112,Yolanda,Cesaric,48,5362,Nurse Practicioner
113,Jewel,Cockburn,41,2246,Administrative Officer
114,Carlee,Lafuente,37,4172,Clinical Specialist
115,Serena,Luna,15,3313,Programmer Analyst IV
116,Jelene,Lewsie,47,8537,Editor
117,Howie,Anderer,61,6257,Web Developer IV
118,Darrick,Pedrol,31,7695,Operator
119,Rani,Copperwaite,63,8980,Physical Therapy Assistant
120,Curt,Storek,67,5743,VP Quality Control
121,Jamie,Mooring,30,6696,Administrative Assistant I
122,Eleonora,Tunnicliffe,37,3320,Chief Design Engineer
123,Davita,Jans,14,5423,Cost Accountant
124,Klarika,Watting,53,2133,VP Product Management
125,Deane,Sinderland,63,6541,Analyst Programmer
126,Abe,McSorley,43,9744,Recruiting Manager
127,Leonid,Camble,49,7048,Account Coordinator
128,Mercy,Shillinglaw,32,5963,Nurse Practicioner
129,Teodor,Grabiec,41,6715,Health Coach I
130,Bertina,Brownhall,59,5921,Mechanical Systems Engineer
131,Pembroke,Twiggs,45,2523,Junior Executive
132,Victoria,Boyford,65,905,Software Consultant
133,Janice,Elstob,70,8911,Programmer III
134,Dodie,Southerell,50,3669,Professor
135,Roarke,Midlar,53,9794,Graphic Designer
136,Agnes,Scimonelli,13,7191,Compensation Analyst
137,Germaine,Morit,33,652,Clinical Specialist
138,Gustav,Kave,14,2120,GIS Technical Architect
139,Lira,Laborde,46,1054,VP Sales
140,Art,Gothard,54,4779,Senior Financial Analyst
141,Missy,Hext,33,9233,Editor
142,Linnea,Marcu,69,133,Librarian
143,Coretta,Noble,35,6900,Executive Secretary
144,Penn,Durnall,29,3727,Senior Cost Accountant
145,Mommy,Kirimaa,67,2906,Financial Advisor
146,Carmel,Callis,56,7055,Professor
147,Davis,McAless,31,2630,Account Representative III
148,Lurlene,Muck,61,2796,Chief Design Engineer
149,Kelwin,Pithcock,44,2242,Business Systems Development Analyst
150,Puff,O'Regan,38,916,Administrative Officer
151,Alva,Meffin,22,2458,Accounting Assistant III
152,Barnard,Hultberg,17,9416,Assistant Professor
153,Melisandra,Puttan,45,4258,Payment Adjustment Coordinator
154,Cleveland,Leband,53,9801,Data Coordiator
155,Lalo,Dawidman,41,5781,Information Systems Manager
156,Garold,Crottagh,31,1785,Dental Hygienist
157,Mechelle,Brittin,52,7519,Statistician I
158,Baron,Orneblow,40,1460,Project Manager
159,Bobette,Gideon,61,9305,Biostatistician III
160,Konstance,Bortoli,20,6266,Technical Writer
161,Ted,Mettericke,70,6079,Physical Therapy Assistant
162,Clarie,Camel,23,3562,Product Engineer
163,Renard,Pynn,36,8515,GIS Technical Architect
164,Abner,Ickovits,21,2625,VP Product Management
165,Veronique,Phorsby,58,8466,Budget/Accounting Analyst III
166,Valli,Tutt,43,8265,Marketing Manager
167,Gerardo,Taylo,68,9441,Legal Assistant
168,Gregorio,Godridge,56,8386,Financial Advisor
169,Colly,Haysar,38,7120,Director of Sales
170,Elsa,Lorant,33,601,Mechanical Systems Engineer
171,Netti,Horder,25,1155,Executive Secretary
172,Yasmin,O'Garmen,50,4375,Information Systems Manager
173,Anetta,Yakuntzov,50,5140,Research Assistant I
174,Valentino,Muckloe,18,7756,Legal Assistant
175,Juditha,Guyon,31,1112,Occupational Therapist
176,Madelaine,Trimble,39,4333,Legal Assistant
177,Aile,Delamaine,14,5050,Nurse Practicioner
178,Galina,Saph,18,1604,Nurse Practicioner
179,Cathy,Heber,35,4963,Electrical Engineer
180,Jeffrey,Brixham,70,4207,Geologist I
181,Darby,Aldgate,32,7039,Financial Analyst
182,Portia,Steinson,52,9651,Software Consultant
183,Marieann,Kohnemann,34,9076,Actuary
184,Myrta,Olden,24,3989,Environmental Tech
185,Bartlett,Dafydd,31,8387,Nuclear Power Engineer
186,Gonzalo,Adderson,49,6599,Statistician IV
187,Milo,Tattersill,45,3397,Environmental Tech
188,Stan,Jodkowski,26,5795,Account Executive
189,Madelle,MacMakin,17,214,VP Product Management
190,Bunny,Moorey,69,5945,Account Representative III
191,Nanete,Burney,36,1297,Account Representative III
192,Ashby,Plowman,52,7250,Administrative Officer
193,Pennie,De Mattei,24,5760,Mechanical Systems Engineer
194,Velma,Jowling,20,854,Account Executive
195,Bella,Damarell,33,6421,Statistician II
196,Meara,Sprankling,63,3283,Account Coordinator
197,Sophie,Gerriet,40,6964,Speech Pathologist
198,Emilio,Margeram,43,2668,Professor
199,Jacquette,Spinke,55,5916,Sales Representative
200,Zarah,Cristofano,18,3040,Environmental Specialist
201,Sherlock,Swarbrick,50,4002,Editor
202,Carl,Farney,68,4839,Food Chemist
203,Reuven,McIlwraith,21,1491,VP Accounting
204,Frederique,Josephy,45,7233,Senior Sales Associate
205,Donni,Reditt,20,3172,Civil Engineer
206,Del,Casemore,69,2003,Accounting Assistant III
207,Derek,Daverin,13,8631,VP Product Management
208,Cathleen,Astell,25,7832,Nurse
209,Tessa,Lushey,66,1493,Operator
210,Aimil,Tammadge,56,6897,Computer Systems Analyst I
211,Pincas,Sketch,43,9408,Media Manager IV
212,Edan,Atcock,57,633,Clinical Specialist
213,Smitty,Leacy,62,9184,Quality Control Specialist
214,Kermie,Dillow,37,4829,Web Developer III
215,Hulda,Naire,61,8109,Internal Auditor
216,Neila,Murrhardt,26,9535,Research Assistant II
217,Melicent,De Vaan,57,1965,Research Associate
218,Sherrie,Kubecka,44,4292,VP Quality Control
219,Talya,Leynham,59,2411,Clinical Specialist
220,Oswald,Emanuel,13,7189,Staff Scientist
221,Dana,Cowterd,46,2641,Social Worker
222,Doe,Steely,17,6036,Food Chemist
223,Deeyn,Durnill,62,2133,Geologist I
224,Cary,Balogh,26,4821,Developer III
225,Wren,Rishworth,66,2477,Analyst Programmer
226,Robinia,Theunissen,51,8695,Administrative Officer
227,Calv,Piner,48,9236,Marketing Manager
228,Eduardo,McGurk,20,1298,Nurse
229,Michail,Barter,35,7152,Assistant Manager
230,Katrine,Swithenby,58,3994,Financial Analyst
231,Bria,Bedham,30,2353,Sales Representative
232,Orrin,Grandin,30,9384,Chief Design Engineer
233,Monica,MacAughtrie,51,8025,Project Manager
234,Ilsa,Scramage,19,7891,Safety Technician II
235,Frans,Anfrey,31,9778,Registered Nurse
236,Livvyy,Stadden,47,6713,Media Manager IV
237,Mavra,Wark,21,8584,Actuary
238,Gwendolin,Petican,19,6678,Electrical Engineer
239,Ewell,Rockliffe,29,9139,Nurse Practicioner
240,Katinka,Quittonden,33,4926,Web Developer IV
241,Cort,Daniello,70,6959,Help Desk Operator
242,Augustus,Vickars,67,4355,Information Systems Manager
243,Yardley,Clunie,54,9322,Electrical Engineer
244,Peria,Ivanyukov,23,5401,Administrative Officer
245,Woody,McCue,66,5404,VP Marketing
246,Tobey,MacKegg,42,1983,Environmental Tech
247,Ansel,Tyndall,52,797,Systems Administrator I
248,Carlota,Mingame,43,9924,Staff Scientist
249,Roselia,Mateu,34,6344,Chemical Engineer
250,Cinnamon,Ruppeli,27,2226,Account Representative I
251,Anna-maria,Gladwish,19,614,Senior Quality Engineer
252,Wake,Astill,38,2190,Senior Sales Associate
253,Mab,Patek,31,5302,Software Consultant
254,Micheline,Choffin,42,225,Research Associate
255,Joyann,Hillett,25,146,Senior Cost Accountant
256,Alessandra,Blatcher,36,1640,Engineer I
257,Claudetta,Danelet,18,872,Programmer Analyst III
258,Parke,Gotcliff,37,9211,Budget/Accounting Analyst IV
259,Holly,Ellerbeck,17,5419,Chief Design Engineer
260,Brendin,Gegg,25,9335,Administrative Assistant II
261,Elisa,Schafer,39,2008,Food Chemist
262,Tommie,Broadbear,15,9291,Human Resources Assistant III
263,Theodore,Zmitrovich,49,9742,Assistant Media Planner
264,Kinna,Twopenny,46,5339,Software Engineer I
265,Philip,Creek,65,294,Tax Accountant
266,Tobiah,Moth,41,5251,Systems Administrator III
267,Zachary,Sazio,56,5099,Professor
268,Eduard,Gabel,55,664,Research Associate
269,Heddie,Sunley,61,930,Food Chemist
270,Beverly,Franscioni,46,6531,Internal Auditor
271,Billie,Swafford,29,9780,Account Executive
272,Renelle,Butland,49,701,Help Desk Technician
273,Harry,Petty,55,1031,Operator
274,Sylvester,Bonanno,35,1664,Web Designer IV
275,Dannie,Fain,51,6876,Assistant Media Planner
276,Torrin,Finey,15,4808,Sales Associate
277,Davita,Whittlesee,54,2177,Senior Editor
278,Idaline,Binns,58,7929,Software Engineer II
279,Julie,Summerrell,33,9328,Junior Executive
280,Dan,Paterson,40,6649,Software Test Engineer II
281,Zabrina,Gheeraert,31,2220,Technical Writer
282,Belvia,Firbank,39,3163,Internal Auditor
283,Jamison,MacAirt,58,3288,Legal Assistant
284,Willey,Pryke,25,8198,Administrative Assistant II
285,Aland,Klais,62,9391,Web Developer III
286,Kimmy,Kock,49,5177,Chief Design Engineer
287,Briant,Elcom,15,3408,Product Engineer
288,Bethina,Sire,65,2954,Human Resources Assistant I
289,Tandie,Fitzsymons,28,442,Graphic Designer
290,Elisabeth,Walter,62,2584,Assistant Media Planner
291,Sosanna,Albarez,47,847,Engineer IV
292,Emlynne,Follin,61,6202,GIS Technical Architect
293,Leslie,Bauchop,32,6235,Administrative Officer
294,Raf,Eadie,29,2890,VP Quality Control
295,Cammy,Tewelson,18,8109,Research Nurse
296,Vanda,Nottingham,65,6989,Developer I
297,Krishnah,Whiteford,36,2755,Nurse Practicioner
298,Brett,Bourdon,66,5626,Chemical Engineer
299,Burr,Houdmont,59,9996,Clinical Specialist
300,Rhetta,Hardes,30,8601,Librarian
301,Kordula,Davidove,64,7837,Marketing Assistant
302,Lannie,Pepper,22,4980,GIS Technical Architect
303,Marlyn,Swarbrick,36,353,Actuary
304,Marrilee,Hadlee,14,2373,Actuary
305,Reeva,Berling,56,4283,Dental Hygienist
306,Carey,Ellwand,64,2766,Nurse
307,Sayers,Fathers,67,1620,Senior Quality Engineer
308,Lorianne,Dyter,58,8529,Research Nurse
309,Pandora,Yakebovich,28,1414,Cost Accountant
310,Winifield,Schruurs,45,6133,Staff Scientist
311,Gaven,Seamans,46,3997,Electrical Engineer
312,Kristopher,Tompion,61,2517,Media Manager IV
313,Clare,Jeduch,29,6039,VP Sales
314,Barrett,Grisdale,51,7817,Design Engineer
315,Leeland,Laherty,13,8555,Civil Engineer
316,Adore,Bidwell,30,3254,Research Associate
317,Abramo,McClenaghan,40,317,Recruiter
318,Jessalin,Dollar,13,1709,Structural Analysis Engineer
319,Tonie,Francello,50,7230,Junior Executive
320,Vikki,Pioli,64,9376,Recruiting Manager
321,Aidan,Hessay,29,8985,Recruiting Manager
322,Alaster,Brittles,46,9756,Environmental Tech
323,Terrijo,Rhodus,55,5563,Geologist I
324,Meg,Landrieu,38,8743,VP Quality Control
325,Vasili,Melburg,39,3111,Chief Design Engineer
326,Ada,Jessope,29,1778,Actuary
327,Annie,de Cullip,14,4750,Clinical Specialist
328,Amie,Lief,23,6166,VP Marketing
329,Abdel,Outibridge,40,8254,Operator
330,Alan,Heelis,49,5807,Community Outreach Specialist
331,Angeline,Tremouille,67,1780,Administrative Assistant I
332,Coriss,Issatt,38,6270,Account Representative IV
333,Viki,Pheasey,35,9858,Help Desk Operator
334,Merwyn,Frankema,46,431,Cost Accountant
335,Dru,Sproson,28,4857,Programmer I
336,Martguerita,Threadgould,70,173,Compensation Analyst
337,Charlena,MacKall,54,6678,Help Desk Operator
338,Darius,Muslim,52,2665,Clinical Specialist
339,Rivi,Buxey,54,6304,Sales Representative
340,Bonnee,Woffenden,17,9238,Quality Control Specialist
341,Englebert,Leades,39,293,Safety Technician II
342,Tomasine,Nunn,56,4169,Office Assistant III
343,Kanya,Saunders,50,6064,Research Associate
344,Beltran,Kinchley,19,8189,Senior Cost Accountant
345,Susana,Wimpress,59,5430,Recruiter
346,Giffard,Ilewicz,29,4929,Environmental Tech
347,Keenan,Omand,24,9882,Software Test Engineer III
348,Cary,Franzetti,56,7529,Graphic Designer
349,Godard,Woloschinski,44,1349,Social Worker
350,Issi,Daynter,22,8442,Graphic Designer
351,Lelia,Kundt,38,1518,Associate Professor
352,Caz,Brassill,35,8339,Food Chemist
353,Caye,Mathias,24,343,Senior Cost Accountant
354,Ezmeralda,Shepstone,56,2655,Design Engineer
355,Frederik,Peaurt,24,1929,Assistant Media Planner
356,Jayme,Nansom,27,2790,Quality Engineer
357,Urbano,Crichton,19,5694,Marketing Assistant
358,Lucie,Beedom,30,9517,Help Desk Technician
359,Christiane,Cloute,58,2438,Database Administrator IV
360,Hardy,Naden,37,6506,Engineer II
361,Lester,Maffioletti,52,3004,Recruiter
362,Joye,Atlee,56,5411,Director of Sales
363,Clare,Lacaze,39,5042,Executive Secretary
364,Egon,Phizaclea,36,490,Nurse
365,Kalila,Dorian,59,9912,Help Desk Operator
366,Janice,Rowland,41,2754,Nuclear Power Engineer
367,Brigg,Boosey,57,4358,Research Assistant II
368,Frasco,Munehay,63,2409,Assistant Professor
369,Darill,Roberti,47,823,Design Engineer
370,Dorene,Fero,55,1959,Electrical Engineer
371,Danyette,Mayston,22,556,Marketing Manager
372,Tanny,Yorath,13,3819,Human Resources Assistant I
373,Heida,Ginn,51,6351,Community Outreach Specialist
374,Shaun,Jozwik,65,1049,Software Engineer II
375,Radcliffe,Broek,27,8157,Recruiting Manager
376,Omar,Maffioletti,34,987,VP Sales
377,Niels,Tournay,37,6539,Assistant Professor
378,Rubie,Stitle,64,7634,Marketing Assistant
379,Erasmus,Kingsbury,55,2805,Paralegal
380,Haley,Castaignet,24,1856,Senior Sales Associate
381,Gayle,Gilli,14,2206,Nurse Practicioner
382,Hartley,Gingedale,44,1191,Mechanical Systems Engineer
383,Anderea,Wheowall,56,708,Senior Financial Analyst
384,Fedora,Duthy,23,5961,VP Sales
385,Devlin,Greensted,56,2863,VP Marketing
386,Zack,Oxherd,55,1713,Operator
387,Bondy,Hark,51,4518,Systems Administrator III
388,Nicole,Stoppard,39,8181,Administrative Assistant IV
389,Jeddy,Marson,59,9616,Data Coordiator
390,Analise,Abade,52,4394,Desktop Support Technician
391,Nerte,Murrison,58,3366,Registered Nurse
392,Hansiain,Allmann,39,2836,Project Manager
393,Sheila,Wedgwood,32,510,Director of Sales
394,Fabe,Gurney,69,9389,Nuclear Power Engineer
395,Albertina,Hrus,61,5839,Financial Analyst
396,Mackenzie,Clapshaw,29,4233,Technical Writer
397,Tiffani,Coutts,49,1998,Account Representative II
398,Marcello,Ismead,68,4358,Senior Quality Engineer
399,Lennard,Sachno,45,4411,Developer II
400,Ailsun,Sapsforde,54,4867,General Manager
401,Daffi,Isaksen,66,1334,Senior Editor
402,Celestia,Malham,38,9279,Associate Professor
403,Udale,Idiens,70,2601,Systems Administrator III
404,Lurleen,Jerrold,40,8964,Cost Accountant
405,Catlee,Conn,64,4259,Developer IV
406,Tessy,Bodley,44,4651,VP Marketing
407,Rob,Leadbitter,62,6438,Pharmacist
408,Beverlie,Rasp,49,6568,Business Systems Development Analyst
409,Kristofor,Champneys,17,2288,Occupational Therapist
410,Hercule,Esby,58,9729,Director of Sales
411,Tomaso,Sambiedge,69,3001,Accounting Assistant I
412,Giuditta,Segebrecht,41,5914,Staff Accountant III
413,Anetta,Rosengart,62,2704,VP Quality Control
414,Kliment,Phillpot,17,1453,Project Manager
415,Howard,Tie,42,7481,Software Engineer II
416,Ferdie,Yakob,24,9259,VP Accounting
417,Brandi,Yeld,56,260,Editor
418,Jemimah,Lawton,32,5432,Help Desk Technician
419,Hannie,Heersema,68,9278,Associate Professor
420,Chuck,Stapels,27,9992,Chief Design Engineer
421,Francoise,Lauritsen,48,7300,Human Resources Manager
422,Joelle,Bedburrow,19,7971,Tax Accountant
423,Cathe,Boissieux,29,1785,Financial Analyst
424,Isabelle,Sharrocks,69,7941,Director of Sales
425,Dell,Gorbell,13,3894,Design Engineer
426,Dyna,Clapison,69,6168,VP Marketing
427,Oswald,Costar,55,1417,VP Sales
428,Reilly,Kegg,63,2942,Quality Control Specialist
429,Brooks,Dunklee,19,1610,Food Chemist
430,Bernie,Boots,21,5104,Electrical Engineer
431,Willi,Longlands,50,532,Registered Nurse
432,Danya,Ollarenshaw,20,9515,Assistant Media Planner
433,Starlene,Gingedale,30,2213,Nurse Practicioner
434,Thane,Bakes,67,4285,Business Systems Development Analyst
435,Rosina,Josilowski,45,4552,Account Coordinator
436,Sigismundo,Sedgemond,39,5297,General Manager
437,Christoforo,Everill,34,8575,Senior Developer
438,Lauryn,Garmston,36,1796,Dental Hygienist
439,Taddeusz,Connal,42,4114,Chemical Engineer
440,Giffer,Doolan,23,5085,Research Assistant I
441,Angelina,Voase,23,3077,Web Designer II
442,Hally,Playfoot,36,1843,Assistant Professor
443,Wes,Bottleson,38,9599,VP Quality Control
444,Annalee,Anthiftle,21,3232,Senior Editor
445,Walt,Krauss,33,5868,Recruiting Manager
446,Ugo,Doby,26,9337,Developer I
447,Osborne,Petranek,67,7542,VP Product Management
448,Tommie,Ogus,41,5761,Structural Engineer
449,Catina,Blencowe,33,9901,Data Coordiator
450,Otis,Sheppard,41,9653,Structural Engineer
451,Kaiser,Haggleton,66,4370,Research Associate
452,Valli,Toffaloni,14,4324,Quality Control Specialist
453,Luce,Nuton,32,7034,Legal Assistant
454,Babara,Keepe,14,6901,Administrative Officer
455,Tyne,Bushell,23,9650,Programmer II
456,Carson,Parkins,59,7289,Account Representative IV
457,Sallie,Slee,68,2683,Software Consultant
458,Marney,Guyon,46,3748,Software Engineer I
459,Reena,McCloy,35,6108,Clinical Specialist
460,Chrystel,Eddow,42,7341,Budget/Accounting Analyst III
461,Davy,Rowsel,17,5908,Biostatistician III
462,Querida,Lampart,60,6536,Web Developer II
463,Katleen,Summerton,53,5505,Geological Engineer
464,Ginnie,Campling,29,358,Staff Scientist
465,Leyla,Godlee,22,2028,Help Desk Operator
466,Joshia,Voss,16,5480,Business Systems Development Analyst
467,Theda,Rosenhaupt,62,8287,Financial Analyst
468,Sutherland,Shorrock,23,2013,Executive Secretary
469,Leonie,Grewcock,53,6231,Graphic Designer
470,Alayne,Gockeler,33,1948,Safety Technician I
471,Paddy,Bernhardsson,36,7374,Staff Scientist
472,Hedwig,Gulc,63,1382,Tax Accountant
473,Gwenore,Betchley,32,4880,Developer IV
474,Ilyssa,Orrell,31,134,Business Systems Development Analyst
475,Gardy,Lettice,39,6544,Associate Professor
476,Gwenny,Densie,16,1033,Dental Hygienist
477,Melisa,Strachan,18,1729,Professor
478,Alexandra,Flury,33,3849,Financial Advisor
479,Benedetto,McCrory,67,5601,Environmental Tech
480,Clarabelle,Turnbull,21,1298,Executive Secretary
481,Cate,Tidbold,61,3212,General Manager
482,Humfried,Fihelly,59,9436,Structural Analysis Engineer
483,Cristal,Oldaker,28,3602,Social Worker
484,Jen,Dungee,64,3378,Food Chemist
485,Alysa,Ianetti,66,3455,Structural Analysis Engineer
486,Stormie,Baff,20,1081,Assistant Manager
487,Rona,Doles,35,6065,Social Worker
488,Fanny,McDougle,32,6308,Analog Circuit Design manager
489,Carlynn,Cheverell,68,5106,VP Accounting
490,Johny,Cottell,66,1669,Assistant Media Planner
491,Winonah,Caswell,64,4008,Accounting Assistant III
492,Carolee,Jambrozek,38,5827,Software Test Engineer II
493,Clarence,Scandrite,46,3944,Payment Adjustment Coordinator
494,Vitia,Greenham,48,5578,Human Resources Assistant IV
495,Stanislas,Smylie,15,3454,Web Developer I
496,Yvon,Gilbey,63,8251,Quality Engineer
497,Hayes,Doyle,62,6414,Staff Scientist
498,Murdoch,Spearman,25,1847,Computer Systems Analyst I
499,Amii,McTrustam,35,6836,Nurse
500,Morton,Verman,60,5584,Account Representative IV
