id,title,description
1,"Remove Monitor Dev from Trunk Subcu/Fascia, Extern","Laceration without foreign body of left front wall of thorax with penetration into thoracic cavity, initial encounter"
2,"Release Prepuce, Percutaneous Approach","Poisoning by antineoplastic and immunosuppressive drugs, undetermined, initial encounter"
3,Gait Training/Ambulat Treatment using Aerobic Equipment,"Mucosal cyst of postmastoidectomy cavity, bilateral ears"
4,"Excision of Right Foot, Open Approach, Diagnostic","Fracture of alveolus of right mandible, subsequent encounter for fracture with routine healing"
5,"Revision of Nonaut Sub in L Auditory Ossicle, Endo","Corrosion of second degree of unspecified site of unspecified lower limb, except ankle and foot, initial encounter"
6,"Repair Left Face Vein, Open Approach","Sprain of metacarpophalangeal joint of right little finger, initial encounter"
7,"Removal of Synthetic Substitute from Left Eye, Endo","Torus fracture of upper end of right fibula, subsequent encounter for fracture with malunion"
8,"Bypass L Ext Iliac Art to L Femor A w Synth Sub, Perc Endo","Other fracture of right patella, subsequent encounter for open fracture type IIIA, IIIB, or IIIC with delayed healing"
9,"Removal of Infusion Device from Cranial Cav, Open Approach","Poisoning by unspecified general anesthetics, intentional self-harm"
10,"Supplement L Inqnl Lymph with Autol Sub, Open Approach","Term delivery with preterm labor, third trimester, fetus 3"
11,"Drainage of Left Hand Muscle, Perc Endo Approach","Unspecified sprain of right foot, initial encounter"
12,"Fusion of L Sternoclav Jt with Autol Sub, Perc Approach","Other non-follicular lymphoma, extranodal and solid organ sites"
13,Fluoroscopy of Sacrum and Coccyx using Other Contrast,"Algoneurodystrophy, thigh"
14,"Transfer Glossophar Nrv to Acoust Nrv, Perc Endo Approach",Rheumatoid myopathy with rheumatoid arthritis of unspecified hip
15,"Insertion of Infusion Device into L Buttock, Perc Approach","Preterm labor second trimester with preterm delivery second trimester, fetus 3"
16,"Drainage of Hypoglossal Nerve, Perc Endo Approach","Other hypertrophic osteoarthropathy, hand"
17,"Fusion of L Temporomandib Jt with Autol Sub, Perc Approach","Wedge compression fracture of T5-T6 vertebra, initial encounter for closed fracture"
18,"Occlusion Splenic Art w Intralum Dev, Perc Endo",Other chest pain
19,Exercise Trmt Neuro Up Back/UE w Mech/Electromech Equip,Other spontaneous disruption of posterior cruciate ligament of knee
20,"Dilate of R Renal Vein with Intralum Dev, Perc Endo Approach","Poisoning by local antifungal, anti-infective and anti-inflammatory drugs, assault, initial encounter"
21,"Bypass 1 Cor Art from R Int Mammary w Zooplastic, Perc Endo",Complete traumatic amputation at hip joint
22,"Removal of Other Device from GU Tract, Perc Endo Approach","Nondisplaced fracture of base of fifth metacarpal bone, right hand, subsequent encounter for fracture with delayed healing"
23,"Replacement of Esophageal Vein with Synth Sub, Open Approach","Other physeal fracture of upper end of radius, unspecified arm, initial encounter for closed fracture"
24,"Dilation of Right Parotid Duct, Percutaneous Approach","Poisoning by antigonadotrophins, antiestrogens, antiandrogens, not elsewhere classified, accidental (unintentional)"
25,"Drainage of Left Pleura, Open Approach","Other instability, ankle and foot"
26,"Release Right Nipple, Via Natural or Artificial Opening","Contusion of unspecified part of pancreas, initial encounter"
27,"Insertion of Intramed Fix into L Femur Shaft, Perc Approach","Displaced fracture of unspecified tibial tuberosity, subsequent encounter for open fracture type IIIA, IIIB, or IIIC with malunion"
28,"Revision of Int Fix in L Toe Phalanx, Extern Approach",Histiocytic and mast cell tumors of uncertain behavior
29,"Drainage of Left Axillary Artery, Open Approach","Marginal corneal ulcer, left eye"
30,"Drainage of Right External Ear, Percutaneous Approach",Chronic laryngitis
31,"Revision of Other Device in Neck, Percutaneous Approach","Idiopathic chronic gout, left shoulder, with tophus (tophi)"
32,"Drain Int Mamm, L Lymph w Drain Dev, Perc Endo","Displacement (lateral) of globe, left eye"
33,"Insertion of Other Device into Right Buttock, Perc Approach","Unspecified injury of extensor muscle, fascia and tendon of left little finger at forearm level, subsequent encounter"
34,"Gastrointestinal System, Supplement",Rheumatoid arthritis with rheumatoid factor of elbow without organ or systems involvement
35,"Replacement of Atrial Septum with Synth Sub, Open Approach","Unspecified intracapsular fracture of left femur, subsequent encounter for open fracture type I or II with delayed healing"
36,"Supplement Right Breast with Nonaut Sub, Perc Approach","Other specified disorders of amniotic fluid and membranes, first trimester, fetus 3"
37,"Reposition L Sphenoid Bone with Int Fix, Perc Endo Approach","Unspecified early complication of trauma, initial encounter"
38,"Division of Papillary Muscle, Open Approach","Other superficial bite of left great toe, initial encounter"
39,"Introduction of Destr Agent into Central Art, Perc Approach",Pulmonary alveolar microlithiasis
40,"Reposition Right Extraocular Muscle, Open Approach",Tuberculosis of intrathoracic lymph nodes
41,"Supplement Left Lacrimal Bone with Autol Sub, Perc Approach","Cataract (lens) fragments in eye following cataract surgery, right eye"
42,"Replacement of L Abd Tendon with Synth Sub, Open Approach",Chronic embolism and thrombosis of right femoral vein
43,"Transfer Face Subcutaneous Tissue and Fascia, Perc Approach","Salter-Harris Type III physeal fracture of lower end of radius, left arm, sequela"
44,CT Scan of Celiac Art using Intravasc Optic Cohere,"Person boarding or alighting a pedal cycle injured in collision with two- or three-wheeled motor vehicle, subsequent encounter"
45,"Restrict of L Ext Carotid with Intralum Dev, Perc Approach","Poisoning by lysergide [LSD], undetermined"
46,"Bypass Hemiazygos Vein to Up Vein w Autol Vn, Open",Burn of first degree of right thumb (nail)
47,"Supplement Left Tarsal Joint with Autol Sub, Open Approach","Stress fracture, left radius"
48,"Dilate R Ulnar Art, Bifurc, w Drug-elut Intra, Perc Endo","Nondisplaced segmental fracture of shaft of unspecified tibia, subsequent encounter for closed fracture with routine healing"
49,"Insertion of Hybrid Ext Fix into R Radius, Perc Approach",Meningitis due to Lyme disease
50,"Occlusion of Low Art with Extralum Dev, Perc Endo Approach","Acute serous otitis media, left ear"
51,"Excision of Right Toe Phalangeal Joint, Open Approach","Body mass index (BMI) 23.0-23.9, adult"
52,"Dilation of R Post Tib Art with Intralum Dev, Open Approach","Stress fracture, right toe(s), subsequent encounter for fracture with nonunion"
53,"Occlusion R Brach Vein w Extralum Dev, Perc Endo","Displaced transcondylar fracture of right humerus, subsequent encounter for fracture with nonunion"
54,"Repair Right Breast, Open Approach","Minor laceration of unspecified internal jugular vein, initial encounter"
55,"Drainage of Azygos Vein, Percutaneous Approach, Diagnostic","Poisoning by antineoplastic and immunosuppressive drugs, accidental (unintentional), sequela"
56,"Supplement Left Nipple with Synth Sub, Extern Approach",Toxic effect of halogenated insecticides
57,"Bypass L Com Iliac Art to R Femor A, Perc Endo Approach",Toxic effect of other seafood
58,"Inspection of Right Hip Joint, Perc Endo Approach",Other specified types of T/NK-cell lymphoma
59,"Dilate L Brach Art, Bifurc, w 2 Intralum Dev, Open","Other fracture of shaft of unspecified fibula, subsequent encounter for open fracture type I or II with malunion"
60,"Supplement Uvula with Autol Sub, Open Approach","Strain of unspecified muscle, fascia and tendon at shoulder and upper arm level, left arm, sequela"
61,"Supplement R Brach Vein with Autol Sub, Perc Endo Approach",Rheumatoid arthritis of ankle and foot with involvement of other organs and systems
62,"Replacement of Cerv Jt with Autol Sub, Open Approach","Hit or struck by falling object due to accident to canoe or kayak, initial encounter"
63,"Bypass L Com Iliac Art to R Renal A w Synth Sub, Open",Encounter for attention to artificial openings
64,"Dilate R Colic Art, Bifurc, w 4+ Intralum Dev, Perc Endo",Other digestive system involvement in Chagas' disease
65,"Drainage of Inferior Mesenteric Artery, Perc Approach, Diagn","Nondisplaced fracture (avulsion) of medial epicondyle of right humerus, subsequent encounter for fracture with routine healing"
66,"Drainage of Abd Subcu/Fascia with Drain Dev, Open Approach","Intermittent hydrarthrosis, unspecified wrist"
67,"Supplement R Metatarsophal Jt with Synth Sub, Open Approach","Ocular pain, left eye"
68,"Removal of Nonaut Sub from R Low Extrem, Open Approach","Maternal care for excessive fetal growth, unspecified trimester, fetus 1"
69,"Replace Buttock Skin w Synth Sub, Part Thick, Extern","Other fracture of right lower leg, sequela"
70,"Drainage of Head Lymphatic, Percutaneous Endoscopic Approach","Complex tear of medial meniscus, current injury"
71,"Inspection of Cisterna Chyli, Percutaneous Approach","Unspecified injury of lesser saphenous vein at lower leg level, right leg, initial encounter"
72,"Drainage of Right Wrist Region with Drain Dev, Open Approach","Anterior subluxation of proximal end of tibia, left knee, subsequent encounter"
73,"Removal of Int Fix from R Elbow Jt, Open Approach","Unspecified subluxation of right foot, sequela"
74,"Destruction of Right Popliteal Artery, Open Approach","Displaced fracture of distal phalanx of unspecified finger, subsequent encounter for fracture with delayed healing"
75,"Drainage of Right Hip Tendon, Perc Endo Approach, Diagn","Burn of third degree of nose (septum), sequela"
76,"Supplement Pulmonary Trunk with Synth Sub, Open Approach","Displaced other extraarticular fracture of left calcaneus, subsequent encounter for fracture with malunion"
77,"Drainage of L Seminal Vesicle with Drain Dev, Perc Approach","Other mature T/NK-cell lymphomas, lymph nodes of head, face, and neck"
78,"Introduction of Platelet Inhibitor into Heart, Perc Approach","Other specific joint derangements of left hip, not elsewhere classified"
79,"Ultrasonography of Celiac and Mesenteric Arteries, Intravasc","Madarosis of unspecified eye, unspecified eyelid and periocular area"
80,"Restrict R Com Carotid w Intralum Dev, Perc Endo","Laceration of extensor muscle, fascia and tendon of right index finger at forearm level"
81,"Replacement of R Trunk Tendon with Synth Sub, Open Approach","Other mechanical complication of ventricular intracranial (communicating) shunt, subsequent encounter"
82,Muscle Perform Assess Musculosk Low Back/LE w Oth Equip,"Other juvenile arthritis, wrist"
83,"Removal of Autol Sub from Uterus & Cervix, Open Approach","Contact with hot saucepan or skillet, initial encounter"
84,"Revision of Drain Dev in Up Intest Tract, Perc Endo Approach",Cellulitis of unspecified toe
85,"Excision of Right Ankle Joint, Perc Endo Approach, Diagn",Breakdown (mechanical) of internal fixation device of bones of limb
86,"Dilation of Cervix with Intraluminal Device, Perc Approach","Pedal cycle passenger injured in collision with two- or three-wheeled motor vehicle in nontraffic accident, initial encounter"
87,"Introduction of Anti-inflam into Periton Cav, Perc Approach","Other specified rheumatoid arthritis, unspecified ankle and foot"
88,"Replacement of R Fem Art with Autol Sub, Open Approach","Unspecified injury of pelvis, sequela"
89,"Alteration of Left Wrist Region, Open Approach",Burn of second degree of unspecified forearm
90,"Removal of Infusion Device from L Hip Jt, Extern Approach","Unspecified fracture of second thoracic vertebra, subsequent encounter for fracture with nonunion"
91,"Extirpate of Matter from L Brach Art, Bifurc, Open Approach","Third degree perineal laceration during delivery, IIIb"
92,"Extirpation of Matter from R Ant Tib Art, Open Approach",Pain disorder with related psychological factors
93,"Drainage of Right Occipital Bone, Open Approach","Pathological fracture in neoplastic disease, right fibula, subsequent encounter for fracture with routine healing"
94,"Revision of Autol Sub in L Humeral Head, Extern Approach","Injury of other nerves at lower leg level, right leg, subsequent encounter"
95,"Revision of Synth Sub in R Knee Jt, Tibial, Perc Approach",Personal history of (corrected) congenital malformations
96,Removal of Traction Apparatus on Left Lower Arm,"Other superficial bite of unspecified parts of thorax, sequela"
97,"Extirpation of Matter from L Brach Vein, Perc Endo Approach","Other specified injury of other blood vessels at ankle and foot level, left leg"
98,"Remove Monitor Dev from Up Intest Tract, Perc Endo","Maternal care for other rhesus isoimmunization, first trimester"
99,Intraoperative Radiation Therapy (IORT) of Gallbladder,Other specified follicular disorders
100,"Ventil, Resp/Circ Assess Circ Head, Neck w Oth Equip",Unspecified brain damage due to birth injury
