id,name,age
1,Pauly,34
2,Laurianne,16
3,Alene,64
4,Reube,29
5,Lishe,69
6,Alexia,44
7,Kelley,46
8,Hephzibah,33
9,Regan,24
10,Ado,46
11,Antons,18
12,Chery,61
13,Rani,56
14,Hieronymus,48
15,Quentin,63
16,Sheela,24
17,Gerry,63
18,Thaddus,44
19,Dorris,31
20,Sosanna,50
21,Olin,25
22,Johannah,45
23,Mic,30
24,Vida,64
25,Valenka,63
26,Artus,52
27,Freddie,37
28,Sergei,24
29,Mirella,50
30,Elfrida,67
31,Tucker,23
32,Ki,46
33,Ailsun,49
34,Dennie,39
35,Elias,44
36,Shurlock,56
37,Bonnie,19
38,Ross,69
39,Sib,25
40,Gale,69
41,Kassi,64
42,Leonerd,40
43,Lenette,47
44,Demetrius,46
45,Fania,52
46,Kippie,52
47,Donnie,62
48,Vernor,60
49,Felix,18
50,Caleb,25
51,Etan,60
52,Fabe,55
53,Blondelle,35
54,Maiga,27
55,Norean,15
56,Bowie,24
57,Alexis,55
58,Ginny,35
59,Holli,23
60,Gabey,68
61,Lazaro,37
62,Sharline,31
63,Deedee,54
64,Cad,40
65,Abel,25
66,Maddalena,61
67,Henrietta,34
68,Pierette,16
69,Skylar,15
70,Dehlia,64
71,Bunnie,20
72,Emili,60
73,Ike,55
74,Enid,34
75,Sax,33
76,Hurlee,41
77,Elicia,32
78,Starr,25
79,Leandra,57
80,Deni,53
81,Cherri,66
82,Gerhardt,66
83,Emilia,23
84,Harri,32
85,Peggie,21
86,Sheff,30
87,Ardeen,67
88,Louisette,38
89,Lockwood,51
90,Clarance,57
91,Vernice,60
92,Aeriel,58
93,Gay,57
94,Jesus,31
95,Willy,70
96,Thorsten,43
97,Jobi,67
98,Jonas,29
99,Erich,66
100,Pepi,15
